ts_ms,cpu_pct,rss_kb
1775049755425,9.9,112512
1775049756474,10.1,112512
1775049757538,12.2,112512
1775049758582,14.1,112512
1775049759654,13.9,112512
1775049760710,12.9,112512
1775049761763,13.8,112528
1775049762809,17.0,112528
1775049763860,15.0,112528
1775049764913,13.2,112528
1775049765968,11.2,112528
1775049767023,16.3,112528
1775049768075,13.7,112528
1775049769137,9.8,112528
1775049770181,9.4,112528
1775049771229,14.8,112528
1775049772275,15.0,112528
1775049773322,12.3,112528
1775049774375,14.7,112528
1775049775434,10.2,112528
1775049776494,15.0,112528
1775049777545,13.5,112528
1775049778591,11.5,112528
1775049779645,11.7,112528
1775049780705,10.0,112528
1775049781756,14.5,112528
1775049782800,13.8,112528
1775049783859,11.1,112528
1775049784910,13.1,112528
1775049785975,16.5,112528
1775049787029,18.1,112528
1775049788077,16.7,112528
1775049789133,10.3,112528
1775049790178,8.6,112528
1775049791241,14.0,112528
1775049792290,10.4,112528
1775049793348,7.3,112528
1775049794412,6.9,112528
1775049795476,12.1,112544
1775049796540,14.0,112544
1775049797588,10.8,112544
1775049798641,6.9,112544
1775049799700,9.7,112544
1775049800762,15.8,112544
1775049801806,16.1,112544
1775049802861,7.1,112528
1775049803919,12.4,112528
1775049804973,8.1,112528
1775049806028,15.7,112528
1775049807084,18.0,112528
1775049808130,9.4,112528
1775049809176,10.3,112528
1775049810233,11.2,112528
1775049811282,16.9,112528
1775049812331,16.6,112528
1775049813381,9.9,112528
1775049814431,7.7,112528
1775049815471,9.6,112528
1775049816516,14.0,112448
1775049817566,14.2,112496
1775049818623,16.3,112528
1775049819671,8.6,112528
1775049820718,8.4,112528
1775049821775,17.8,112528
1775049822822,15.5,112528
1775049823881,16.2,112528
1775049824941,9.6,112528
1775049825995,10.6,112528
1775049827050,16.7,112528
1775049828097,18.3,112528
1775049829161,9.3,112528
1775049830220,8.1,112528
1775049831289,12.9,112528
1775049832342,13.3,112528
1775049833405,9.4,112528
1775049834461,9.1,112528
1775049835517,7.6,112512
1775049836564,15.8,112512
1775049837620,13.8,112512
1775049838674,9.2,112512
1775049839737,7.9,112528
1775049840782,8.1,112528
1775049841833,12.0,112528
1775049842890,14.3,112528
1775049843953,9.8,112528
1775049845017,9.3,112528
1775049846061,15.3,112528
1775049847109,15.8,112528
1775049848150,18.0,112528
1775049849196,12.6,112528
1775049850248,12.9,112528
1775049851290,12.7,112528
1775049852342,12.1,112528
1775049853389,15.8,112528
1775049854450,12.8,112528
1775049855511,10.9,112528
1775049856571,11.8,112528
1775049857620,13.6,112528
1775049858677,13.5,112528
1775049859738,13.6,112528
1775049860790,13.6,112528
1775049861844,10.6,112528
1775049862905,12.6,112528
1775049863968,13.5,112528
1775049865013,13.9,112528
1775049866057,13.7,112528
1775049867105,8.2,112528
1775049868150,11.9,112528
1775049869205,13.4,112528
1775049870259,11.0,112736
1775049871413,9.4,113552
1775049872473,10.9,113552
1775049873526,11.8,113584
1775049874571,16.8,113584
1775049875626,9.0,113584
1775049876676,9.2,113584
1775049877731,14.7,113584
1775049878781,12.5,113584
1775049879835,6.8,113584
1775049880885,7.3,115808
1775049881945,7.5,115808
1775049883006,11.3,115744
1775049884066,11.8,114976
1775049885195,12.6,122112
1775049886272,25.1,126240
1775049887319,42.6,126432
1775049888361,34.8,122400
1775049889410,50.9,124032
1775049890459,7.7,124000
1775049891515,9.9,124000
1775049892576,8.8,124864
1775049893631,9.3,125008
1775049894688,6.4,125008
1775049895741,11.7,125056
1775049896781,13.6,125056
1775049897825,13.7,125072
1775049898865,7.4,125072
1775049899919,6.9,125072
1775049900974,7.1,125072
1775049902018,12.0,125024
1775049903065,13.3,125024
1775049904109,7.7,124976
1775049905159,6.9,124976
1775049906202,7.5,124976
1775049907251,12.5,124976
1775049908302,12.3,124976
1775049909352,8.0,124976
1775049910414,5.6,124976
1775049911481,7.3,124976
1775049912521,12.8,124976
1775049913577,10.4,113360
1775049914657,5.6,112880
1775049915713,6.9,112880
1775049916766,12.0,112832
1775049917824,12.9,112848
1775049918875,14.5,112848
1775049919932,7.0,112896
1775049920991,6.7,112800
1775049922037,13.3,112800
1775049923085,12.7,112800
1775049924146,7.6,114992
1775049925193,6.4,115056
1775049926248,7.0,115056
1775049927296,12.6,115072
1775049928345,12.0,115072
1775049929382,12.1,115072
1775049930428,7.1,115072
1775049931479,7.7,115072
1775049932534,12.1,115072
1775049933589,12.4,116080
1775049934642,16.0,116080
1775049935693,9.3,116080
1775049936744,10.4,116080
1775049937794,17.1,116080
1775049938845,13.1,116080
1775049939900,17.4,116080
1775049940954,9.7,116080
1775049942007,9.1,116080
1775049943055,16.6,116096
1775049944111,14.3,116096
1775049945165,16.7,116096
1775049946223,8.8,115712
1775049947285,9.5,115712
1775049948333,19.0,115712
1775049949389,16.9,115712
1775049950442,11.0,115680
1775049951502,10.6,115680
1775049952560,15.6,115680
1775049953606,17.2,115680
1775049954663,16.1,115680
1775049955731,8.3,115632
1775049956780,14.5,115632
1775049957825,14.4,115632
1775049958871,14.6,115632
1775049959917,10.3,115328
1775049960971,13.2,115328
1775049962018,10.4,115344
1775049963073,12.1,115344
1775049964121,14.4,115344
1775049965175,12.3,115344
1775049966234,13.8,115344
1775049967288,17.4,115424
1775049968342,10.7,115440
1775049969393,14.4,115440
1775049970459,14.3,115440
1775049971506,15.8,115440
1775049972558,14.8,115440
1775049973609,11.6,115440
1775049974671,11.2,115440
1775049975727,14.4,115440
1775049976796,18.0,115440
1775049977846,10.8,115440
1775049978902,10.3,115440
1775049979957,13.3,115440
1775049981015,16.3,115440
1775049982068,15.1,115440
1775049983110,13.2,115440
1775049984161,9.4,115440
1775049985351,10.6,115184
1775049986496,15.5,114144
1775049987542,16.6,112384
1775049988592,15.4,112368
1775049989639,7.4,112368
1775049990700,7.5,112368
1775049991757,14.6,112368
1775049992809,16.4,112368
1775049993864,8.7,112368
1775049994912,9.7,112368
1775049995977,9.5,112384
1775049997026,18.9,112384
1775049998081,16.3,112384
1775049999137,12.1,112384
1775050000190,7.8,112384
1775050001239,10.1,112384
1775050002299,18.0,112384
1775050003348,17.2,112384
1775050004392,8.3,112384
1775050005435,10.7,112384
1775050006496,9.4,112384
1775050007550,20.0,112384
1775050008597,20.1,112384
1775050009653,9.6,112384
1775050010699,7.0,112352
1775050011746,8.9,112352
1775050012814,14.6,112336
1775050013870,17.2,112336
1775050014918,11.3,112352
1775050015971,9.2,112416
1775050017028,18.2,112416
1775050018076,18.8,112416
1775050019132,19.1,112416
1775050020184,9.4,112416
1775050021235,10.1,112416
1775050022281,14.6,112416
1775050023328,13.3,112416
1775050024388,16.1,112416
1775050025441,9.9,112416
1775050026493,8.2,112416
1775050027552,15.6,112432
1775050028600,17.7,112432
1775050029656,15.6,112432
1775050030710,9.2,112432
1775050031761,8.6,112432
1775050032802,16.5,112432
1775050033856,17.2,112432
1775050034909,16.2,112432
1775050035957,9.3,112432
1775050037008,12.1,112432
1775050038051,13.8,112448
1775050039102,16.3,112448
1775050040158,11.5,112448
1775050041195,11.6,112448
1775050042244,11.7,112448
1775050043291,11.0,112448
1775050044338,14.8,112448
1775050045385,16.0,112448
1775050046439,12.1,112448
1775050047490,14.5,112448
1775050048537,10.7,112448
1775050049584,17.0,112448
1775050050627,13.1,112448
1775050051687,11.8,112448
1775050052746,16.0,112448
1775050053794,10.7,112448
1775050054847,15.0,112448
1775050055898,12.6,112448
1775050056959,16.3,112448
1775050058020,13.6,112448
1775050059066,14.2,112448
1775050060122,12.5,112448
1775050061175,13.5,112448
1775050062238,12.3,112368
1775050063286,16.6,112384
1775050064331,13.0,112416
1775050065385,9.9,112416
1775050066429,10.7,112384
1775050067477,18.4,112384
1775050068530,15.8,112304
1775050069575,16.7,112320
1775050070624,9.8,112288
1775050071675,9.3,112304
1775050072729,10.0,112320
1775050073786,17.8,112320
1775050074841,12.8,112320
1775050075890,10.3,112384
1775050076946,9.9,112384
1775050078002,14.2,112384
1775050079053,17.9,112384
1775050080102,15.6,112384
1775050081158,10.6,112384
1775050082209,8.9,112384
1775050083256,15.4,112384
1775050084305,16.3,112384
1775050085359,15.3,112384
1775050086414,10.2,112384
1775050087462,9.9,112384
1775050088519,17.4,112384
1775050089571,17.2,112384
1775050090619,16.9,112384
1775050091670,9.4,112384
1775050092722,10.4,112384
1775050093775,15.7,112384
1775050094829,19.3,112384
1775050095877,17.7,112384
1775050096926,9.1,112384
1775050098000,10.0,112384
1775050099049,18.1,112384
1775050100098,13.6,112384
1775050101151,18.0,112384
1775050102212,8.9,112384
1775050103275,9.3,112384
1775050104317,15.3,112384
1775050105367,17.4,112384
1775050106421,6.6,112384
1775050107480,9.1,112384
1775050108531,9.4,112384
1775050109584,16.2,112384
1775050110636,12.5,112384
1775050111691,8.5,112384
1775050112750,9.7,112384
1775050113798,10.6,112384
1775050114839,20.0,112384
1775050115892,18.3,112384
1775050116940,11.5,112384
1775050118002,11.9,112384
1775050119044,12.5,112384
1775050120098,13.7,112384
1775050121140,15.2,112384
1775050122178,15.0,112384
1775050123225,11.7,112384
1775050124271,14.9,112384
1775050125319,15.2,112384
1775050126371,12.1,112384
1775050127415,11.9,112384
1775050128466,11.3,112384
1775050129523,12.2,112384
1775050130568,13.3,112384
1775050131618,12.9,112384
1775050132660,11.9,112384
1775050133717,14.3,112384
1775050134777,13.6,112384
1775050135826,13.1,112384
1775050136873,14.4,112384
1775050137965,9.9,112240
1775050139047,13.3,112272
1775050140091,12.2,112288
1775050141147,13.7,112272
1775050142187,8.0,112288
1775050143240,5.6,112288
1775050144300,12.5,112288
1775050145350,12.7,112288
1775050146405,9.2,112288
1775050147462,10.4,112288
1775050148513,14.6,112288
1775050149573,15.3,112288
1775050150627,11.8,112288
1775050151692,12.0,112288
1775050152741,17.7,112288
1775050153795,19.8,112288
1775050154847,14.2,112288
1775050155897,10.8,112288
1775050156955,11.7,112288
1775050158014,10.5,112288
1775050159062,16.8,112288
1775050160111,14.9,112288
1775050161156,12.2,112288
1775050162195,8.8,112304
1775050163246,15.9,112304
1775050164293,15.2,112304
1775050165341,16.8,112368
1775050166388,8.2,112368
1775050167449,9.4,112368
1775050168506,15.3,112368
1775050169561,20.7,112384
1775050170612,14.4,112384
1775050171675,7.4,112384
1775050172725,11.5,112384
1775050173789,19.1,112384
1775050174839,14.0,112384
1775050175886,16.8,112384
1775050176944,11.4,112384
1775050177985,9.3,112384
1775050179041,11.0,112384
1775050180097,15.9,112384
1775050181147,10.3,112384
1775050182197,9.5,112384
1775050183244,9.7,112384
1775050184291,15.5,112384
1775050185343,17.7,112384
1775050186399,14.8,112384
1775050187462,10.3,112384
1775050188523,8.7,112384
1775050189574,17.1,112384
1775050190625,15.5,112384
1775050191678,7.5,112384
1775050192734,7.6,112384
1775050193794,20.8,112384
1775050194846,18.2,112384
1775050195890,17.3,112384
1775050196946,10.0,112384
1775050197998,7.9,112384
1775050199042,8.4,112384
1775050200089,18.5,112384
1775050201141,17.0,112384
1775050202191,11.0,112384
1775050203237,11.6,112384
1775050204290,9.4,112384
1775050205343,16.0,112384
1775050206393,13.5,112384
1775050207446,12.5,112384
1775050208488,9.7,112384
1775050209539,11.2,112384
1775050210594,12.4,112384
1775050211642,14.3,112384
1775050212696,16.2,112384
1775050213744,10.1,112384
1775050214796,16.0,112384
1775050215852,14.1,112384
1775050216902,14.0,112384
1775050217952,12.3,112384
1775050219019,13.3,112384
1775050220069,11.5,112384
1775050221124,7.8,112352
1775050222180,13.7,112336
1775050223228,17.4,112352
1775050224278,14.2,112352
1775050225327,16.7,112352
1775050226386,10.3,112368
1775050227444,9.5,112368
1775050228507,15.9,112368
1775050229555,15.6,112368
1775050230603,9.0,112368
1775050231652,9.6,112368
1775050232703,12.3,112368
1775050233761,17.0,112368
1775050234809,17.0,112368
1775050235858,11.7,112368
1775050236917,10.2,112368
1775050237973,10.4,112368
1775050239018,18.9,112368
1775050240073,13.9,112368
1775050241120,11.1,112368
1775050242168,13.1,112368
1775050243212,9.6,112368
1775050244269,14.7,112368
1775050245328,16.9,112368
1775050246382,9.5,112368
1775050247434,9.0,112368
1775050248496,10.4,112368
1775050249548,15.8,112368
1775050250604,15.1,112368
1775050251655,7.4,112320
1775050252727,9.5,112336
1775050253778,16.2,112336
1775050254839,14.0,112368
1775050255897,8.9,112368
1775050256942,10.9,112368
1775050258002,11.0,112368
1775050259048,15.9,112368
1775050260099,14.0,112368
1775050261145,8.9,112368
1775050262193,8.2,112368
1775050263231,8.2,112368
1775050264273,11.2,112384
1775050265333,7.6,112384
1775050266390,14.6,112384
1775050267448,8.7,112384
1775050268507,8.1,112384
1775050269557,14.9,112384
1775050270613,13.7,112384
1775050271662,7.8,112384
1775050272718,8.6,112384
1775050273777,10.1,112384
1775050274838,13.0,112384
1775050275900,14.6,112384
1775050276949,10.3,112384
1775050278003,9.1,112384
1775050279050,12.4,112384
1775050280112,11.4,112400
1775050281166,16.5,112400
1775050282275,12.1,112400
1775050283484,10.5,112368
1775050284533,7.2,112352
1775050285582,13.3,112352
1775050286643,14.0,112352
1775050287697,10.1,112368
1775050288763,12.4,112400
1775050289806,15.4,112400
1775050290863,12.8,112400
1775050291920,16.2,112400
1775050292976,10.9,112416
1775050294036,8.7,112416
1775050295077,15.3,112416
1775050296131,15.2,112416
1775050297175,14.4,112416
1775050298226,12.4,112416
1775050299270,12.8,112432
1775050300314,12.0,112432
1775050301370,11.7,112432
1775050302426,14.0,112432
1775050303479,15.6,112432
1775050304534,13.0,112432
1775050305585,12.2,112448
1775050306630,13.6,112448
1775050307684,16.0,112448
1775050308737,14.9,112448
1775050309796,15.4,112448
1775050310845,13.9,112432
1775050311892,11.0,112432
1775050312938,8.9,112432
1775050313986,15.6,112448
1775050315033,14.1,112448
1775050316088,17.4,112448
1775050317149,10.2,112448
1775050318189,12.8,112448
1775050319242,16.9,112448
1775050320290,13.6,112448
1775050321338,19.9,112448
1775050322401,9.3,112448
1775050323453,9.0,112448
1775050324499,18.6,112448
1775050325545,14.0,112448
1775050326596,13.9,112448
1775050327651,10.8,112448
1775050328703,11.3,112448
1775050329754,12.9,112448
1775050330811,12.7,112448
1775050331853,18.5,112448
1775050332914,10.0,112448
1775050333969,11.0,112448
1775050335034,21.5,112448
1775050336090,14.1,112448
1775050337148,9.1,112448
1775050338198,10.4,112448
1775050339244,8.8,112448
1775050340293,13.4,112448
1775050341346,16.7,112448
1775050342396,9.4,112448
1775050343458,8.5,112448
1775050344513,18.9,112448
1775050345557,14.0,112448
1775050346611,15.2,112464
1775050347658,10.5,112464
1775050348709,11.6,112464
1775050349762,8.2,112464
1775050350810,15.3,112448
1775050351858,15.5,112448
1775050352912,8.8,112448
1775050353983,8.4,112448
1775050355031,13.6,112448
1775050356123,10.7,112240
1775050357177,8.9,112272
1775050358230,9.9,112256
1775050359281,12.8,112288
1775050360331,14.0,112288
1775050361388,13.7,112288
1775050362444,8.6,112288
1775050363498,8.1,112288
1775050364545,14.4,112288
1775050365591,15.3,112288
1775050366640,13.3,112288
1775050367697,8.5,112288
1775050368753,8.9,112288
1775050369806,15.0,112272
1775050370846,15.4,112272
1775050371896,16.2,112272
1775050372945,8.7,112272
1775050373995,12.4,112272
1775050375052,13.2,112352
1775050376103,14.6,112352
1775050377155,16.2,112352
1775050378207,11.0,112352
1775050379254,11.6,112352
1775050380298,12.1,112352
1775050381346,13.7,112352
1775050382411,12.1,112368
1775050383456,12.6,112416
1775050384511,7.5,112416
1775050385560,12.9,112416
1775050386610,14.6,112416
1775050387668,15.1,112416
1775050388727,10.9,112416
1775050389790,11.6,112416
1775050390834,13.3,112416
1775050391882,13.2,112416
1775050392939,11.9,112416
1775050393991,13.2,112416
1775050395044,14.8,112416
1775050396109,11.7,112416
1775050397154,13.4,112416
1775050398199,10.9,112416
1775050399246,12.8,112416
1775050400296,13.7,112416
1775050401340,8.3,112416
1775050402391,8.5,112416
1775050403442,9.2,112416
1775050404491,17.7,112416
1775050405542,13.0,112416
1775050406590,15.1,112416
1775050407649,10.3,112416
1775050408712,10.8,112416
1775050409764,18.9,112416
1775050410814,16.4,112416
1775050411864,10.2,112416
1775050412914,10.0,112416
1775050413977,13.7,112416
1775050415024,13.1,112416
1775050416067,13.0,112416
1775050417115,11.0,112416
1775050418160,10.8,112416
1775050419210,11.1,112416
1775050420258,15.6,112416
1775050421306,15.9,112416
1775050422347,16.3,112416
1775050423404,10.7,112416
1775050424460,9.6,112416
1775050425516,14.0,112416
1775050426584,16.7,112416
1775050427634,11.6,112416
1775050428688,9.5,112416
1775050429745,9.5,112416
1775050430803,19.3,112416
1775050431853,11.1,112400
1775050432904,10.5,112400
1775050433963,11.3,112400
1775050435026,19.3,112400
1775050436085,14.8,112416
1775050437129,17.0,112416
1775050438175,8.1,112416
1775050439232,8.9,112416
1775050440354,11.4,112272
1775050441410,9.9,112288
1775050442474,8.1,112288
1775050443531,13.3,112288
1775050444574,13.3,112304
1775050445628,13.3,112320
1775050446695,7.5,112320
1775050447742,5.8,112320
1775050448795,15.1,112320
1775050449845,13.1,112320
1775050450893,19.3,112320
1775050451955,11.3,112352
1775050453004,8.0,112352
1775050454056,15.0,112352
1775050455109,15.5,112336
1775050456170,9.0,112352
1775050457218,10.4,112352
1775050458272,8.8,112352
1775050459329,13.5,112352
1775050460389,14.3,112352
1775050461440,10.4,112352
1775050462495,10.2,112352
1775050463540,11.5,112352
1775050464591,18.2,112352
1775050465640,15.5,112432
1775050466690,11.6,112432
1775050467739,11.2,113296
1775050468792,14.0,113296
1775050469838,14.5,113296
1775050470888,15.5,113296
1775050471942,12.0,113296
1775050472994,12.7,113296
1775050474050,12.5,113296
1775050475106,15.2,113296
1775050476161,13.8,113296
1775050477215,15.2,113296
1775050478262,11.3,113312
1775050479311,15.4,113312
1775050480366,7.6,113312
1775050481436,9.6,113312
1775050482479,14.7,113312
1775050483538,12.9,113312
1775050484583,14.1,113312
1775050485639,11.8,113312
1775050486689,12.5,113312
1775050487740,16.4,113312
1775050488783,15.6,113312
1775050489826,14.7,113312
1775050490874,10.2,113312
1775050491939,10.8,113312
1775050493002,14.2,113312
1775050494058,11.9,113280
1775050495114,9.9,113264
1775050496176,8.3,113248
1775050497238,17.2,113248
1775050498284,15.0,113248
1775050499342,14.9,113248
1775050500396,11.1,113248
1775050501471,9.9,113248
1775050502542,16.7,113248
1775050503594,17.3,113248
1775050504658,9.9,113232
1775050505713,7.8,113232
1775050506782,17.4,113232
1775050507831,18.4,113232
1775050508891,9.4,113232
1775050509958,9.3,113232
1775050511011,16.4,113232
1775050512062,16.4,113232
1775050513108,12.7,113232
1775050514165,9.1,113232
1775050515234,10.5,113232
1775050516293,16.2,113232
1775050517348,14.5,113232
1775050518409,9.5,113200
1775050519478,7.8,113200
1775050520537,14.2,113200
1775050521722,8.3,113104
1775050522927,9.1,112256
1775050523978,9.5,112256
1775050525043,19.6,112320
1775050526100,16.5,112336
1775050527149,15.0,112336
1775050528198,9.1,112336
1775050529246,12.0,112336
1775050530290,8.9,112336
1775050531348,14.0,112336
1775050532399,11.8,112336
1775050533457,8.6,112336
1775050534510,9.5,112336
1775050535575,14.8,112336
1775050536638,13.5,112336
1775050537681,15.0,112336
1775050538746,11.0,112336
1775050539805,8.7,112336
1775050540870,15.4,112336
1775050541936,16.6,112336
1775050542989,12.6,112336
1775050544057,9.6,112352
1775050545101,14.6,112352
1775050546169,13.7,112352
1775050547214,13.5,112368
1775050548276,15.7,112368
1775050549340,12.7,112368
1775050550393,10.7,112368
1775050551452,7.5,112368
1775050552525,13.2,112368
1775050553567,13.1,112368
1775050554618,8.4,112368
1775050555687,9.4,112368
1775050556757,16.5,112368
1775050557814,18.1,112368
1775050558861,11.7,112368
1775050559912,10.3,112368
1775050560972,9.6,112368
1775050562026,13.3,112368
1775050563083,14.4,112368
1775050564127,8.8,112368
1775050565189,10.3,112368
1775050566243,12.5,112368
1775050567302,12.9,112368
1775050568359,11.5,112368
1775050569400,7.1,112368
1775050570455,7.4,112368
1775050571520,18.2,112368
1775050572578,14.2,112368
1775050573634,9.4,112368
1775050574689,7.7,112368
1775050575751,8.7,112304
1775050576803,11.2,112304
1775050577855,12.4,115376
1775050578908,8.5,115376
1775050579968,9.5,115376
1775050581027,15.3,115376
1775050582069,15.4,115376
1775050583123,9.5,114048
1775050584208,8.8,114048
1775050585270,12.3,114064
1775050586312,13.6,113872
1775050587364,10.6,113776
1775050588409,6.2,113520
1775050589455,7.8,113520
1775050590507,7.0,112960
1775050591555,11.3,112960
1775050592599,11.2,112960
1775050593648,13.4,112896
1775050594705,8.2,112896
1775050595751,8.1,112896
1775050596803,13.0,112896
1775050597855,14.3,112896
1775050598906,8.5,112896
1775050599968,9.9,112896
1775050601023,6.8,112896
1775050602080,14.2,112880
1775050603120,15.6,112880
1775050604217,6.6,112240
1775050605294,13.0,112240
1775050606343,16.0,112240
1775050607399,17.4,112272
1775050608459,9.4,112272
1775050609520,9.2,112272
1775050610582,18.3,112272
1775050611631,13.2,112272
1775050612685,9.0,112288
1775050613744,10.9,112288
1775050614800,10.2,112288
1775050615846,17.7,112352
1775050616894,18.8,112352
1775050617951,11.1,112352
1775050618997,12.6,112352
1775050620052,15.5,112352
1775050621101,17.2,112352
1775050622142,13.7,112352
1775050623189,13.7,112352
1775050624231,12.5,112352
1775050625280,12.1,112352
1775050626336,19.5,112352
1775050627386,11.3,112352
1775050628432,10.8,112352
1775050629490,11.1,112352
1775050630545,10.0,112352
1775050631591,14.4,112352
1775050632656,17.3,112352
1775050633715,17.0,112352
1775050634774,12.9,112352
1775050635824,14.3,112352
1775050636869,15.8,112352
1775050637939,13.2,112352
1775050638989,12.5,112352
1775050640034,11.7,112352
1775050641092,11.5,112352
1775050642147,11.9,112352
1775050643194,16.0,112352
1775050644246,12.5,112352
1775050645296,19.3,112352
1775050646342,17.0,112352
1775050647401,10.8,112352
1775050648456,8.4,112352
1775050649498,16.9,112352
1775050650554,12.5,112352
1775050651607,10.7,112352
1775050652654,12.4,112352
1775050653717,9.7,112352
1775050654766,14.3,112352
1775050655816,18.0,112352
1775050656876,10.6,112352
1775050657926,10.4,112352
1775050658988,9.5,112352
1775050660036,14.8,112352
1775050661084,15.2,112352
1775050662134,9.7,112352
1775050663186,12.4,112352
1775050664230,9.5,112352
1775050665278,17.0,112352
1775050666331,17.9,112352
1775050667384,6.3,112352
1775050668439,8.2,112352
1775050669497,6.6,112352
1775050670547,15.0,112336
1775050671605,18.6,112336
1775050672664,11.1,112336
1775050673725,9.3,112336
1775050674772,19.0,112336
1775050675829,18.0,112352
1775050676880,14.4,112352
1775050677925,11.0,112352
1775050678976,11.1,112352
1775050680022,15.8,112352
1775050681073,17.9,112336
1775050682111,10.8,112208
1775050683166,8.5,112224
1775050684217,9.1,112256
1775050685272,8.5,112256
1775050686328,16.3,112256
1775050687375,12.6,112256
1775050688428,8.3,112256
1775050689479,8.7,112256
1775050690530,8.8,112272
1775050691572,16.1,112272
1775050692628,18.4,112272
1775050693685,10.3,112272
1775050694749,7.6,112272
1775050695794,17.3,112272
1775050696835,18.1,112272
1775050697883,19.0,112272
1775050698951,8.7,112272
1775050700007,10.2,112272
1775050701066,20.8,112272
1775050702120,15.9,112272
1775050703164,13.4,112272
1775050704213,11.6,112256
1775050705257,14.2,112336
1775050706301,11.7,112336
1775050707355,14.5,112320
1775050708404,16.8,112320
1775050709450,14.0,112320
1775050710492,12.8,112320
1775050711538,10.7,112352
1775050712583,17.9,112352
1775050713623,14.8,112352
1775050714668,13.9,112352
1775050715728,13.6,112352
1775050716790,15.4,112352
1775050717844,12.2,112368
1775050718904,12.6,112368
1775050719963,16.2,112368
1775050721022,13.4,112368
1775050722068,12.8,112368
1775050723112,15.9,112368
1775050724157,9.9,112368
1775050725206,12.1,112368
1775050726260,16.2,112368
1775050727309,17.0,112368
1775050728366,13.1,112368
1775050729416,8.1,112368
1775050730481,15.3,112368
1775050731536,11.3,112368
1775050732595,15.7,112368
1775050733658,12.9,112368
1775050734713,9.7,112368
1775050735756,13.2,112368
1775050736799,15.7,112368
1775050737846,15.7,112368
1775050738896,10.8,112368
1775050739949,9.7,112368
1775050740994,15.5,112368
1775050742043,15.8,112368
1775050743091,18.5,112368
1775050744143,11.8,112368
1775050745199,7.5,112368
1775050746249,12.8,112368
1775050747296,17.4,112368
1775050748347,15.5,112368
1775050749387,8.4,112368
1775050750448,10.4,112368
1775050751506,9.3,112368
1775050752558,13.3,112368
1775050753605,19.3,112368
1775050754661,9.0,112368
1775050755708,5.9,112368
1775050756763,9.5,112368
1775050757814,16.5,112368
1775050758875,16.9,112368
1775050759929,8.7,112368
1775050760975,7.9,112368
1775050762031,17.0,112368
1775050763076,17.2,112368
1775050764130,14.3,112368
1775050765186,9.2,112368
1775050766234,8.1,112256
1775050767280,16.0,112240
1775050768324,15.5,112224
1775050769375,18.1,112224
1775050770445,8.2,112240
1775050771494,7.8,112240
1775050772549,18.0,112240
1775050773602,16.3,112240
1775050774655,17.3,112240
1775050775717,9.8,112240
1775050776770,8.4,112240
1775050777816,18.3,112240
1775050778867,20.4,112240
1775050779922,17.9,112272
1775050780979,9.1,112272
1775050782025,10.4,112272
1775050783069,20.2,112272
1775050784120,17.6,112272
1775050785163,15.8,112272
1775050786221,12.2,112272
1775050787265,11.0,112272
1775050788312,14.2,112272
1775050789358,14.0,112272
1775050790413,13.3,112272
1775050791462,11.3,112272
1775050792510,13.6,112288
1775050793555,11.8,112288
1775050794608,18.0,112288
1775050795657,16.9,112336
1775050796701,14.5,112336
1775050797751,11.2,112336
1775050798815,12.2,112336
1775050799876,14.8,112336
1775050800926,15.5,112336
1775050801972,12.3,112336
1775050803031,8.8,112336
1775050804086,12.8,112336
1775050805135,12.7,112336
1775050806178,10.0,112368
1775050807224,14.9,112368
1775050808278,17.0,112368
1775050809326,17.7,112368
1775050810376,10.5,112384
1775050811432,10.9,112384
1775050812491,13.0,112384
1775050813555,11.5,112384
1775050814607,9.5,112384
1775050815662,10.1,112384
1775050816714,12.9,112384
1775050817776,17.1,112384
1775050818823,18.1,112384
1775050819887,8.1,112400
1775050820947,13.7,112400
1775050821994,13.5,112400
1775050823047,15.7,112400
1775050824086,17.3,112400
1775050825131,7.9,112400
1775050826177,10.9,112400
1775050827216,11.4,112400
1775050828270,16.6,112400
1775050829316,17.2,112400
1775050830374,9.1,112400
1775050831478,8.1,105232
1775050832533,12.7,104848
1775050833581,15.2,104672
1775050834622,18.2,104672
1775050835684,10.4,104672
1775050836746,10.5,104672
1775050837802,15.8,104672
1775050838859,16.8,104672
1775050839910,11.1,104672
1775050840960,9.8,104672
1775050842027,14.9,104672
1775050843075,18.9,104672
1775050844126,17.3,104672
1775050845173,10.3,104672
1775050846221,8.8,104672
1775050847265,10.9,104672
1775050848319,16.0,104608
1775050849374,15.0,104608
1775050850432,9.4,104576
1775050851489,8.4,104528
1775050852533,12.0,104512
1775050853581,17.5,104512
1775050854626,18.8,104528
1775050855688,8.6,104624
1775050856730,10.2,104624
1775050857776,8.8,104624
1775050858829,14.8,104624
1775050859881,16.8,104624
1775050860936,11.5,104624
1775050861982,8.4,104624
1775050863028,8.3,104624
1775050864068,13.1,104640
1775050865124,14.9,104640
1775050866175,9.5,104640
1775050867221,8.4,104640
1775050868274,10.1,104640
1775050869320,17.2,104640
1775050870372,16.8,104640
1775050871420,15.5,104640
1775050872461,11.8,104640
1775050873515,11.6,104640
1775050874564,13.8,104640
1775050875612,13.9,104640
1775050876666,18.1,104656
1775050877709,13.1,104656
1775050878762,12.6,104656
1775050879807,13.6,104656
1775050880853,15.1,104656
1775050881896,13.4,104656
1775050882930,14.2,104656
1775050883978,11.9,104656
1775050885028,18.2,104656
1775050886078,15.2,104656
1775050887130,12.8,104656
1775050888170,11.2,104656
1775050889218,13.0,104656
1775050890265,16.9,104656
1775050891309,17.7,104656
1775050892362,10.1,104656
1775050893426,10.5,104656
1775050894483,12.7,104656
1775050895533,17.0,104656
1775050896580,17.6,104656
1775050897630,12.2,104656
1775050898688,13.6,104656
1775050899733,12.0,104656
1775050900789,15.7,104656
1775050901842,19.8,104656
1775050902896,12.6,104656
1775050903964,8.1,104656
1775050905032,15.2,104656
1775050906076,16.9,104656
1775050907133,10.3,104656
1775050908199,9.3,104656
1775050909249,14.2,104656
1775050910308,11.9,104656
1775050911380,8.1,104656
1775050912433,10.0,104656
1775050913495,13.9,104496
1775050914557,14.8,104528
1775050915607,10.7,104624
1775050916663,9.4,104624
1775050917732,9.0,104656
1775050918788,17.1,104656
1775050919840,19.9,104656
1775050920897,8.0,104672
1775050921955,10.5,104672
1775050923012,11.6,104672
1775050924064,15.3,104672
1775050925111,15.8,104672
1775050926161,9.5,104672
1775050927228,9.4,104672
1775050928280,14.2,104672
1775050929324,16.2,104672
1775050930396,16.7,104672
1775050931460,7.5,104640
1775050932518,10.2,104672
1775050933573,16.2,104672
1775050934619,19.2,104672
1775050935684,10.5,104672
1775050936747,9.0,104672
1775050937802,16.1,104672
1775050938844,15.1,104672
1775050939903,15.0,104672
1775050940969,9.5,104672
1775050942025,10.0,104656
1775050943066,20.3,104656
1775050944113,15.2,104656
1775050945160,19.1,104672
1775050946218,11.3,104672
1775050947276,10.3,104688
1775050948328,16.1,104688
1775050949381,15.7,104688
1775050950454,8.8,104688
1775050951520,11.0,104688
1775050952574,13.3,104688
1775050953629,12.9,104688
1775050954690,8.1,104688
1775050955751,15.4,104688
1775050956813,15.5,104688
1775050957857,13.4,104688
1775050958913,14.0,104688
1775050959980,10.5,104688
1775050961040,17.1,104688
1775050962105,15.2,104688
1775050963150,11.8,104688
1775050964203,13.3,104688
1775050965255,15.0,104688
1775050966303,14.6,104688
1775050967352,10.2,104688
1775050968407,11.2,104688
1775050969448,9.4,104688
1775050970522,15.1,104688
1775050971568,15.0,104688
1775050972622,14.8,104688
1775050973680,8.8,104688
1775050974744,15.4,104688
1775050975796,15.8,104688
1775050976856,10.7,104688
1775050977916,10.2,104688
1775050978977,10.8,104688
1775050980049,13.2,104688
1775050981108,16.8,104688
1775050982157,11.5,104688
1775050983221,10.3,104688
1775050984265,15.8,104688
1775050985313,16.1,104688
1775050986371,10.1,104688
1775050987441,8.4,104688
1775050988513,14.6,104688
1775050989560,14.3,104688
1775050990611,14.5,104688
1775050991662,8.4,104688
1775050992726,8.2,104688
1775050993794,18.7,104688
1775050995021,12.2,104640
1775050996255,9.2,104480
1775050997313,13.0,104496
1775050998372,16.9,104496
1775050999435,8.1,104480
1775051000499,9.2,104480
1775051001558,12.8,104560
1775051002608,11.0,104560
1775051003672,8.1,104560
1775051004738,11.4,104560
1775051005800,15.6,104624
1775051006868,14.0,104624
1775051007930,11.1,104624
1775051008996,12.4,104624
1775051010043,16.3,104624
1775051011104,17.2,104624
1775051012162,11.0,104624
1775051013217,10.0,104624
1775051014264,9.7,104624
1775051015311,12.7,104624
1775051016366,15.9,104624
1775051017424,9.6,104624
1775051018480,9.0,104624
1775051019537,8.5,104624
1775051020592,15.0,104624
1775051021642,17.2,104624
1775051022714,9.6,104640
1775051023761,11.4,104640
1775051024813,19.6,104640
1775051025865,15.4,104640
1775051026915,13.7,104640
1775051027965,12.1,104640
1775051029024,14.3,104640
1775051030077,14.8,104640
1775051031122,15.7,104640
1775051032171,14.4,104640
1775051033227,11.8,104640
1775051034288,13.6,104640
1775051035334,12.3,104640
1775051036389,11.2,104640
1775051037443,14.2,104640
1775051038511,13.9,104640
1775051039566,12.7,104640
1775051040612,11.4,104640
1775051041673,8.8,104640
1775051042729,12.4,104640
1775051043781,15.8,104640
1775051044834,18.2,104640
1775051045896,11.6,104640
1775051046958,9.4,104640
1775051048003,15.8,104640
1775051049055,19.8,104640
1775051050109,8.2,104640
1775051051155,9.5,104640
1775051052213,10.6,104640
1775051053265,13.9,104640
1775051054323,14.7,104640
1775051055378,8.1,104640
1775051056448,7.2,104640
1775051057514,17.0,104640
1775051058559,16.7,104640
1775051059609,12.0,104640
1775051060664,8.2,104640
1775051061721,14.3,104640
1775051062779,18.4,104640
1775051063832,16.2,104640
1775051064890,10.2,104640
1775051065942,9.1,104640
1775051066997,9.2,104640
1775051068049,14.2,104640
1775051069091,18.0,104640
1775051070151,9.5,104640
1775051071203,9.7,104640
1775051072254,10.7,104640
1775051073309,16.3,104640
1775051074360,15.6,104640
1775051075411,7.3,104640
1775051076536,10.6,104480
1775051077619,15.0,104496
1775051078675,9.7,104544
1775051079731,8.4,104560
1775051080780,9.3,104544
1775051081834,16.2,104544
1775051082894,16.8,104544
1775051083954,10.5,104544
1775051085001,9.3,104544
1775051086060,14.7,104544
1775051087117,16.2,104544
1775051088160,16.0,104544
1775051089224,11.0,104544
1775051090282,9.9,104544
1775051091329,12.3,104544
1775051092382,15.0,104560
1775051093451,9.1,104544
1775051094520,10.4,104432
1775051095574,13.7,104496
1775051096622,11.1,104464
1775051097670,13.3,104464
1775051098727,10.2,104464
1775051099781,9.5,104464
1775051100841,12.5,104416
1775051101905,10.8,104384
1775051102966,12.1,104384
1775051104026,11.6,104384
1775051105088,15.6,104384
1775051106138,15.9,104384
1775051107211,11.6,104384
1775051108274,15.0,104384
1775051109333,15.5,104384
1775051110390,10.0,104384
1775051111440,12.0,104384
1775051112513,12.3,104384
1775051113556,15.7,104384
1775051114606,14.5,104384
1775051115651,11.8,104384
1775051116706,13.7,104384
1775051117756,16.1,104384
1775051118814,17.4,104384
1775051119872,11.1,104384
1775051120922,13.4,104384
1775051121985,16.2,104384
1775051123053,11.8,104384
1775051124113,12.2,104384
1775051125181,13.4,104384
1775051126240,15.2,104384
1775051127293,16.2,104384
1775051128337,13.2,104384
1775051129396,8.9,104384
1775051130475,8.9,104384
1775051131516,13.7,104384
1775051132566,15.6,104384
1775051133627,10.0,104384
1775051134687,11.0,104384
1775051135750,9.1,104384
1775051136801,15.8,104384
1775051137852,19.6,104384
1775051138915,9.2,104384
1775051139966,9.0,104384
1775051141030,19.2,104384
1775051142082,12.9,104384
1775051143129,17.2,104384
1775051144186,9.4,104384
1775051145244,11.2,104384
1775051146297,13.1,104384
1775051147354,17.0,104384
1775051148408,9.1,104384
1775051149461,7.9,104384
1775051150525,8.4,104384
1775051151574,11.9,104384
1775051152624,17.0,104384
1775051153681,8.9,104384
1775051154729,10.3,104384
1775051155789,19.7,104384
1775051156847,14.6,104384
1775051157905,17.3,104384
1775051158956,9.0,104384
1775051160128,7.9,104368
1775051161451,9.5,104304
1775051162514,7.1,104304
1775051163568,16.2,104320
1775051164614,18.5,104320
1775051165679,7.5,104320
1775051166748,10.5,104320
1775051167811,17.1,104320
1775051168871,14.9,104320
1775051169943,11.1,104320
1775051171000,12.0,104320
1775051172054,14.1,104320
1775051173113,14.9,104320
1775051174160,16.0,104320
1775051175222,12.1,104320
1775051176276,13.6,104320
1775051177344,12.1,104320
1775051178404,11.5,104320
1775051179468,13.5,104320
1775051180537,14.8,104320
1775051181582,13.4,104336
1775051182626,12.7,104336
1775051183687,13.5,104336
1775051184753,15.6,104336
1775051185800,14.1,104400
1775051186843,17.1,104400
1775051187897,10.1,104400
1775051188975,11.0,104400
1775051190038,16.1,104400
1775051191102,16.9,104400
1775051192145,8.1,104400
1775051193195,10.3,104400
1775051194252,16.0,104400
1775051195307,15.4,104400
1775051196378,7.3,104400
1775051197441,9.8,104400
1775051198503,13.0,104400
1775051199545,15.9,104400
1775051200611,20.2,104400
1775051201683,11.5,104400
1775051202729,8.1,104400
1775051203792,15.6,104400
1775051204853,19.9,104400
1775051205909,9.1,104400
1775051206967,9.2,104400
1775051208018,11.3,104400
1775051209073,14.2,104400
1775051210113,15.6,104400
1775051211182,8.0,104400
1775051212242,9.5,104400
1775051213284,16.2,104400
1775051214333,16.1,104400
1775051215380,13.9,104400
1775051216445,8.1,104400
1775051217500,10.7,104400
1775051218561,13.2,104400
1775051219616,18.1,104400
1775051220676,9.2,104400
1775051221740,10.2,104400
1775051222792,18.9,104400
1775051223894,10.9,104192
1775051224956,10.4,104368
1775051226008,9.7,104368
1775051227048,18.7,104384
1775051228101,19.1,104384
1775051229158,16.4,104384
1775051230219,11.3,104384
1775051231261,9.6,104368
1775051232303,10.3,104368
1775051233349,12.8,104368
1775051234407,14.4,104368
1775051235474,7.8,104352
1775051236543,8.8,104288
1775051237587,17.5,104288
1775051238640,13.4,104288
1775051239697,11.7,104288
1775051240755,11.9,104272
1775051241808,13.6,104272
1775051242854,11.9,104288
1775051243916,11.5,104304
1775051244982,15.7,104304
1775051246048,9.7,104368
1775051247097,13.2,104368
1775051248169,12.5,104384
1775051249217,12.0,104384
1775051250270,15.6,104384
1775051251326,17.8,104384
1775051252378,9.6,104384
1775051253436,7.5,104384
1775051254508,14.4,104384
1775051255554,17.2,104384
1775051256609,11.4,104384
1775051257656,10.9,104384
1775051258709,8.1,104384
1775051259775,16.0,104384
1775051260817,15.5,104384
1775051261878,9.8,104384
1775051262942,9.0,104400
1775051263987,11.4,104400
1775051265052,16.4,104400
1775051266097,13.8,104400
1775051267154,11.7,104400
1775051268203,10.2,104400
1775051269260,13.6,104400
1775051270315,14.5,104400
1775051271367,14.5,104400
1775051272432,7.7,104400
1775051273494,9.5,104400
1775051274549,18.3,104400
1775051275595,15.9,104400
1775051276646,10.3,104400
1775051277715,10.2,104400
1775051278782,13.7,104400
1775051279838,19.7,104400
1775051280897,9.6,104400
1775051281950,7.7,104400
1775051283003,10.1,104400
1775051284059,12.6,104400
1775051285107,14.5,104400
1775051286160,8.5,104400
1775051287210,10.0,104400
1775051288263,9.2,104400
1775051289304,16.7,104400
1775051290363,15.2,104400
1775051291426,8.6,104400
1775051292483,10.7,104400
1775051293543,9.9,104400
1775051294594,12.5,104400
1775051295655,17.0,104400
1775051296703,11.6,104400
1775051297749,10.3,104400
1775051298798,11.2,104400
1775051299849,17.4,104400
1775051300910,18.4,104400
1775051301952,11.5,104400
1775051302998,13.5,104400
1775051304055,11.6,104400
1775051305102,15.8,104400
1775051306154,16.0,104400
1775051307402,12.0,104352
1775051308591,10.7,104288
1775051309641,8.8,104272
1775051310700,13.3,104288
1775051311759,11.9,104288
1775051312817,13.1,104304
1775051313867,11.9,104304
1775051314931,10.6,104304
1775051316001,9.4,104304
1775051317056,14.6,104304
1775051318114,11.7,104304
1775051319163,12.0,104304
1775051320223,13.6,104304
1775051321266,16.1,104304
1775051322308,16.1,104304
1775051323365,10.7,104304
1775051324420,10.5,104304
1775051325486,13.1,104304
1775051326552,16.7,104304
1775051327602,15.1,104304
1775051328676,8.8,104304
1775051329731,8.1,104304
1775051330803,13.6,104304
1775051331862,15.7,104304
1775051332926,10.1,104304
1775051333998,12.1,104320
1775051335046,15.1,104384
1775051336093,10.5,104384
1775051337150,11.6,104384
1775051338215,11.4,104384
1775051339274,18.1,104384
1775051340324,12.0,104384
1775051341377,13.1,104384
1775051342424,7.7,104384
1775051343476,9.3,104384
1775051344531,11.9,104384
1775051345580,16.4,104384
1775051346623,14.6,104384
1775051347678,9.1,104384
1775051348735,10.6,104384
1775051349803,15.6,104384
1775051350853,16.5,104384
1775051351914,11.4,104384
1775051352971,9.1,104384
1775051354032,16.5,104384
1775051355092,16.4,104384
1775051356138,15.7,104384
1775051357188,10.6,104400
1775051358247,10.7,104400
1775051359303,14.9,104400
1775051360344,12.9,104400
1775051361396,16.3,104400
1775051362457,7.7,104400
1775051363525,7.8,104400
1775051364574,21.4,104400
1775051365623,16.2,104400
1775051366681,9.4,104400
1775051367736,9.2,104416
1775051368805,21.2,104416
1775051369860,18.1,104416
1775051370915,17.8,104416
1775051371984,11.5,104416
1775051373044,10.1,104416
1775051374086,14.3,104416
1775051375145,17.0,104416
1775051376188,12.9,104416
1775051377236,14.3,104416
1775051378279,11.6,104416
1775051379332,13.9,104416
1775051380378,12.3,104416
1775051381447,12.3,104416
1775051382506,11.3,104416
1775051383561,13.8,104416
1775051384621,15.3,104416
1775051385663,12.4,104416
1775051386732,15.0,104416
1775051387796,16.9,104416
1775051388848,12.1,104416
1775051389908,15.2,104416
1775051391206,9.5,99200
1775051392251,14.2,104352
1775051393315,8.0,104352
1775051394367,8.7,104352
1775051395424,12.2,104368
1775051396487,11.9,104368
1775051397544,12.2,104384
1775051398601,13.1,104384
1775051399655,8.7,104384
1775051400726,9.1,104384
1775051401788,17.6,104368
1775051402835,12.7,104368
1775051403881,8.7,104368
1775051404924,9.2,104368
1775051405973,10.9,104368
1775051407028,18.2,104368
1775051408073,15.6,104368
1775051409118,18.7,104368
1775051410175,6.4,104368
1775051411217,11.4,104368
1775051412259,13.0,104368
1775051413310,13.3,104368
1775051414365,14.0,104368
1775051415426,7.5,104368
1775051416494,7.0,104368
1775051417555,14.8,104368
1775051418607,18.2,104368
1775051419654,10.7,104368
1775051420711,10.5,104368
1775051421774,16.6,104368
1775051422822,13.7,104368
1775051423873,16.8,104368
1775051424938,12.6,104368
1775051425998,9.2,104368
1775051427062,18.4,104368
1775051428116,17.7,104368
1775051429177,9.6,104400
1775051430237,6.8,104400
1775051431293,13.9,104416
1775051432349,13.2,104416
1775051433401,15.7,104416
1775051434469,7.5,104416
1775051435525,6.9,104416
1775051436576,11.6,104416
1775051437633,19.8,104416
1775051438685,9.4,104416
1775051439748,8.3,104416
1775051440795,7.5,104416
1775051441846,17.4,104416
1775051442896,18.4,104416
1775051443954,11.0,104416
1775051445008,13.2,104416
1775051446064,17.6,104416
1775051447109,15.3,104416
1775051448157,15.2,104416
1775051449223,11.7,104416
1775051450279,12.6,104416
1775051451327,9.9,104416
1775051452371,13.1,104416
1775051453434,14.1,104416
1775051454485,12.7,104416
1775051455548,14.3,104416
1775051456598,13.1,104416
1775051457648,9.9,104416
1775051458707,14.3,104416
1775051459774,14.4,104416
1775051460815,11.5,104416
1775051461863,12.9,104416
1775051462907,12.9,104416
1775051464376,10.5,104240
1775051465465,13.5,104304
1775051466522,12.4,104320
1775051467591,12.7,104288
1775051468644,10.5,104288
1775051469706,13.4,104288
1775051470775,16.5,104288
1775051471835,15.6,104288
1775051472896,10.8,104288
1775051473963,10.4,104288
1775051475027,20.1,104304
1775051476090,10.1,104304
1775051477129,10.1,104320
1775051478191,10.5,104320
1775051479239,10.5,104320
1775051480291,12.4,104320
1775051481350,13.3,104320
1775051482401,10.0,104320
1775051483453,7.6,104320
1775051484506,13.4,104320
1775051485555,19.1,104384
1775051486615,15.9,104384
1775051487669,10.2,104384
1775051488732,11.5,104384
1775051489780,16.6,104384
1775051490840,15.9,104384
1775051491900,10.6,104384
1775051492951,9.5,104384
1775051494011,16.1,104384
1775051495070,15.7,104384
1775051496129,18.0,104384
1775051497185,8.7,104384
1775051498229,9.1,104384
1775051499296,13.0,104400
1775051500350,15.3,104400
1775051501410,8.1,104400
1775051502461,9.4,104400
1775051503507,7.4,104400
1775051504554,18.6,104400
1775051505611,15.4,104400
1775051506661,10.0,104400
1775051507706,6.4,104400
1775051508773,11.4,104400
1775051509820,19.3,104400
1775051510867,15.7,104384
1775051511927,9.7,104384
1775051512971,10.7,104384
1775051514019,10.1,104384
1775051515072,19.4,104384
1775051516116,14.5,104384
1775051517185,10.1,104384
1775051518245,10.4,104384
1775051519300,13.2,104384
1775051520350,10.5,104384
1775051521410,16.8,104384
1775051522462,11.3,104384
1775051523527,9.0,104384
1775051524580,16.3,104384
1775051525624,16.9,104384
1775051526683,12.0,104384
1775051527750,10.0,104416
1775051528808,11.3,104384
1775051529868,13.3,104400
1775051530933,12.3,104384
1775051531985,9.3,104384
1775051533042,15.1,104384
1775051534101,12.5,104384
1775051535164,13.2,104384
1775051536219,16.4,104400
1775051537274,16.9,104400
1775051538321,15.1,104400
1775051539369,9.7,104336
1775051540434,7.3,104320
1775051541505,14.1,104320
1775051542554,17.7,104336
1775051543616,10.6,104336
1775051544669,10.8,104336
1775051545743,16.7,104400
1775051546793,18.1,104400
1775051547847,11.7,104400
1775051548900,12.4,104400
1775051549966,10.6,104400
1775051551039,15.8,104400
1775051552091,14.7,104400
1775051553149,7.4,104384
1775051554216,7.7,104384
